drudgereport,dates,stories
https://www.drudgereport.com,,"

DRUDGE REPORT 2025®




















Vance stuns Munich with blistering attack on Europe leaders...

Wields Threat of Sanctions, Military Action...

'New sheriff in town'...
Meets with leader of far-right party, exports MAGA message...
German defense minister: 'Not acceptable'...
Country Warns Against 'Meddling'...
Britain 'must be ready to go to war'...

Russian Drone Damages Radiation Shield at Chernobyl...
Zelensky lashes out: US president does not have plan to end war...





SULLIVAN: TRUMP ALREADY FAILING?








White House limits AP access to Oval Office, Air Force One indefinitely...

PARAMOUNT Execs Ask: Could They Be Sued for Settling Trump's $20B CBS Lawsuit?

LA TIMES staff erupt in mutiny as owner publicly apologizes for reporter's 'unfair' article...


Saudi Prince Steps In as Power Broker in Trump's New World Order...

SCARE:  Plane carrying Rubio experiences mechanical issue...

Markets starting to view Trump as more of 'pushover' on tariffs than protectionist...

How President Turned Election Victory Into Cash Bonanza...
It Pays to Be a Friend...

Bird flu response disrupted in early weeks of new administration...

Graffiti and middle fingers: Cybertrucks become political statement...


TENSION: At White House, Musk tactics frustrate senior officials...

Where is his financial disclosure form?
DOGE Posts Classified Info...

ELON INFILTRATES IRS...
WHAT ARE THEY UP TO?
14 STATES SUE...
Errol Says Son 'Hasn't Been Good Father' in Wild Interview...

Why Isn't Congress Doing Anything?

Why orgasms are good for your health...

Senate Staffer Fired for Romp in Hearing Room Now Sex Worker...



LIVE:  TRENDING...
WORLD NEWSPAPERS PAGE ONES
FRONT PAGES UK

BOXOFFICE TV RATINGS

ABCNEWS
ATLANTIC
AXIOS
BBC
BILLBOARD 
BOSTON GLOBE
BOSTON HERALD
BREITBART
BUSINESS INSIDER
CBS NEWS
CBS NEWS LOCAL
C-SPAN
CHICAGO SUN-TIMES
CHICAGO TRIB
CHRISTIAN SCIENCE
CNBC
CNN
CRAZY DAYS AND NIGHTS
DAILY BEAST
DAILY CALLER
DEADLINE HOLLYWOOD
EL NUEVO DIA [SAN JUAN]
ENT WEEKLY
FOXNEWS
FREE PRESS
HILL JUST IN
H'WOOD REPORTER
HUFFINGTON POST
INTERCEPT
LA DAILY NEWS
LA TIMES
MARKETWATCH
MEDIAITE
MOTHER JONES
NATION
NATIONAL REVIEW
NBC NEWS
NEW REPUBLIC
NEW YORK
NY DAILY NEWS
NY POST
NY TIMES WIRE
NEW YORKER
NEWSMAX
NEWZIT
PEOPLE
POLITICO
RAW STORY
REASON
ROLL CALL
ROLLING STONE
SALON
SAN FRAN CHRON
SEMAFOR
SHOWBIZ 411
SKY NEWS LIVE
SMOKING GUN
TMZ
US NEWS
USA TODAY
VANITY FAIR
VARIETY
WALL STREET JOURNAL
WASH EXAMINER
WASH POST LATEST
WASH TIMES
WRAP






2 shot at Philly Super Bowl Parade... Developing...

1,000 feet from stage...

EAGLES GM bleeding from head after getting hit with beer can...

Prosecutor quits after order to drop corruption case against NYC mayor...

Border czar tells Adams he'll be 'up his butt' if he breaks vow to help ICE...

House Republicans plot impeachment against judges...

LABASH:  Our New Pandemic Is Moral Cowardice...
WHITEHEAD:  Sleepwalking into Tyranny...

STUDY:  MEX NOW LESS CORRUPT THAN USA...

The 9 MAGA Breakups Waiting to Happen...

Lazy Gen Z must get back to office or get new job, says JPMORGAN chief...

Wendy Williams Claims Son's 'Stealing' Triggered Guardianship...



We're witnessing the slow death of Spring Break in US and Mexico...

Veteran of U.S. Credit Downgrade Hears Alarm Bells Today...

Trump Admits Prices Could Go UP...

RETAIL SALES FALL SHARPLY...

Restaurants cracking under inflation...

How Zoning Ruined Housing Market in Blue-State America...

College at $100K a Year Driving More US Students to Europe...

Germany's Left party stages late poll surge with fiery call to the 'barricades'...

The Bay Area fringe group terrorizing America: 'Death cult' on the run...



AFRICAN NEWS
ARAB NEWS
BILD
CHINA PEOPLE'S DAILY
CLARIN
DIE WELT
DIE ZEIT
ECONOMIST
EL MUNDO
EL PAIS
FOLHA DE S. PAULO
GBN
HAARETZ
HINDUSTAN TIMES
FINANCIAL TIMES
GAZETA WYBORCZA
HURRIYET
JAPAN TIMES
JERUSALEM POST
LA PRENSA
LA  REPUBBLICA
LE FIGARO
LE MONDE
LE SOIR
MOSCOW TIMES
NEW EUROPEAN
NIKKEI ASIA
RIO TIMES
SYDNEY MORNING HERALD
TIMES OF INDIA
[UK] DAILY MAIL FEED
[UK] DAILY MIRROR
[UK] DAILY STAR
[UK] EXPRESS
[UK] GUARDIAN
[UK] INDEPENDENT 
[UK] METRO
[UK] STANDARD
[UK] SUN
[UK] TELEGRAPH
[UK] TIMES
YESHIVA WORLD
YOMIURI SHIMBUN





Black Hawk 'didn't receive crucial traffic control message' before DC crash...

Black expats share why they're happier living outside USA...


Pope hospitalized in Rome...

African monarchy sued for race discrimination by Jewish chauffeur...

Rover's Latest Video Reveals Something Unusual About Martian Clouds...

West Texas measles outbreak doubles...

Jack the Ripper victim's family demands investigation after DNA ID of killer...


'MICKEY 17' First Reactions: 'Perfect Allegory for Hellscape Stage of Capitalism We're in'...

Lovesick Brazilians Turn to Sorcerers and Chicken Feet to Fix Relationships...

Norwegian royal accused of raping unconscious TV presenter in basement of castle...

Argentina To Revoke All Medical Marijuana Permits...

Cuba tells non-essential workers, students to stay home in latest blackout...

The $3 Billion House That Orange Chicken Built...


AGENCE FRANCE-PRESSE
AP TOP
AP RADIO
BLOOMBERG
DEUTSCHE PRESSE-AGENTUR
DEUTCHE WELLE
INTERFAX
ITAR-TASS
KYODO
MCCLATCHY [DC]
NHK
PRAVDA
PRESS TRUST INDIA
REUTERS POLITICS  WORLD
XINHUA
YONHAP





ARCHIVES

RECENT HEADLINES...

WEATHER ACTION
ZOOM EARTH
QUAKE SHEET


SEND NEWS TIPS TO DRUDGE





EMAIL: DRUDGE@DRUDGEREPORT.COM

VISITS TO DRUDGE 2/14/2025
21,993,522 PAST 24 HOURS
570,508,651 PAST 31 DAYS
6,614,198,260 PAST YEAR


PRIVACY POLICY
CALIFORNIA NOTICE
OPT-OUT CHOICES











<!-- Copyright 2024 by Drudge Report ...--!>   

"
http://www.drudgereportArchives.com/,,"





DrudgeReportArchives.com © 2025












DrudgeReportArchives.com




Today's DrudgeReport.com

Drudge's Special Reports







Optional: 

to




Recent Headlines

Popular Headlines

Time Line












Introduction:
          * The archive began Saturday November 18, 2001. 

Recent Headliness:

          * Past 7 days of links listed here.   
          * Fifty most popular headlines.

Time Line:
          * The Time Line is created by snapshots whenever the DrudgeReport.com content changes.
          * Drill down to the snapshot of your choice. Content doesn't display until one day old.

Drudge's Special Reports click here

Note:
          * You may see some link decay. Not all the sites linked to use permanent URLs. In that case, you can search that site for the article 
          they had published.
          * The archives do not record images.


















Drudge Report App
App Store iPhone & iPad
				
Google Play Store Android Phones & Tablets

				



				
			














		The Drudge Report does not own, operate or maintain DrudgeReportArchives.com and is not responsible for it in any way. 
		
Drudge Report : E-mail: drudge@drudgereport.com
Matt Drudge's Book: Drudge Manifisto
Matt Drudge on social media: Twitter (occasionally)
Matt Drudge music: Playlist


Home |
        DMCA |
		
		
		Link Decay


		General Support: 


Copyright © 2025 DrudgeReportArchives.com. All Rights Reserved.
















"
http://www.drudgereportarchives.com/dsp/timeline_html.htm,,"





DrudgeReportArchives.com © 2025












DrudgeReportArchives.com




Today's DrudgeReport.com

Drudge's Special Reports







Optional: 

to




Recent Headlines

Popular Headlines

Time Line










2001
2002
2003
2004
2005
2006
2007
2008
2009
2010
2011
2012
2013
2014
2015
2016
2017
2018
2019
2020
2021
2022
2023
2024 
		2025 

The system uses GMT, however starting the last week of Aug '07, time stamps labels will read as EST.

February 2025
S
M
T
W
T
F
S
      01 02 03 04 05 06 07 08 09 10 11 12 13 14 15 16 17 18 19 20 21 22 23 24 25 26 27 28   
January 2025
S
M
T
W
T
F
S
   01 02 03 04 05 06 07 08 09 10 11 12 13 14 15 16 17 18 19 20 21 22 23 24 25 26 27 28 29 30 31   









Drudge Report App
App Store iPhone & iPad
				
Google Play Store Android Phones & Tablets

				



				
			














		The Drudge Report does not own, operate or maintain DrudgeReportArchives.com and is not responsible for it in any way. 
		
Drudge Report : E-mail: drudge@drudgereport.com
Matt Drudge's Book: Drudge Manifisto
Matt Drudge on social media: Twitter (occasionally)
Matt Drudge music: Playlist


Home |
        DMCA |
		
		
		Link Decay


		General Support: 


Copyright © 2025 DrudgeReportArchives.com. All Rights Reserved.
















"
